Name,Position,Age,Appearances,Wins,Losses,Goals,Assists,Passes,Passes per match,Yellow cards,Red cards,Fouls,Offsides
Bernd Leno,Goalkeeper,28,64,28,16,0,0,1783,27.86,2,0,0,
Matt Macey,Goalkeeper,26,0,0,0,0,0,0,0,0,0,0,
Rúnar Alex Rúnarsson,Goalkeeper,25,0,0,0,0,0,0,0,0,0,0,
Héctor Bellerín,Defender,25,160,90,37,7,18,7125,44.53,23,0,125,8
Kieran Tierney,Defender,23,16,7,5,1,1,519,32.44,2,0,9,0
William Saliba,Defender,19,0,0,0,0,0,0,0,0,0,0,0
Sokratis,Defender,32,44,21,11,3,2,2416,54.91,18,0,56,1
Rob Holding,Defender,25,41,25,9,0,0,2200,53.66,8,0,32,0
Shkodran Mustafi,Defender,28,99,52,26,7,4,5907,59.67,28,0,117,7
Calum Chambers,Defender,25,139,47,57,6,3,5935,42.7,28,1,137,2
David Luiz,Defender,33,194,113,38,13,7,10165,52.4,40,3,212,5
Sead Kolasinac,Defender,27,78,40,22,2,11,3201,41.04,12,0,74,16
Gabriel Magalhães,Defender,22,2,2,0,1,0,197,98.5,0,0,3,0
Mesut Özil,Midfielder,31,184,100,39,33,54,11186,60.79,13,0,95,83
Lucas Torreira,Midfielder,24,63,28,15,3,3,2493,39.57,14,1,62,0
Ainsley Maitland-Niles,Midfielder,23,54,26,16,1,3,1867,34.57,6,2,35,1
Mohamed Elneny,Midfielder,28,47,29,10,0,3,2532,53.87,7,1,24,2
Joseph Willock,Midfielder,21,33,12,12,1,1,398,12.06,2,0,13,0
Matteo Guendouzi,Midfielder,21,57,24,17,0,1,2750,48.25,15,0,41,0
Emile Smith Rowe,Midfielder,20,2,0,1,0,0,35,17.5,0,0,0,0
Granit Xhaka,Midfielder,27,132,70,33,8,13,9739,73.78,35,2,196,2
Bukayo Saka,Midfielder,19,28,11,7,1,5,716,25.57,6,0,22,13
Dani Ceballos,Midfielder,24,26,14,6,0,3,1372,52.77,1,0,21,0
Alexandre Lacazette,Forward,29,99,46,28,39,16,2045,20.66,11,0,127,62
Pierre-Emerick Aubameyang,Forward,31,87,43,25,55,13,1880,21.61,4,1,30,55
Nicolas Pépé,Forward,25,33,15,9,5,6,723,21.91,4,0,14,4
Reiss Nelson,Forward,20,20,10,5,1,0,286,14.3,1,0,8,4
Eddie Nketiah,Forward,21,23,12,8,4,0,172,7.48,0,1,18,5
Gabriel Martinelli,Forward,19,14,3,3,3,0,116,8.29,1,0,9,2
Willian,Forward,32,236,137,47,37,35,8290,35.13,21,1,131,33
Tom Heaton,Goalkeeper,34,116,34,55,0,0,3290,28.36,5,0,2,
Jed Steer,Goalkeeper,28,2,0,2,0,0,32,16,0,0,0,
Ørjan Nyland,Goalkeeper,30,7,1,4,0,0,152,21.71,0,0,0,
Lovre Kalinic,Goalkeeper,30,0,0,0,0,0,0,0,0,0,0,
Emiliano Martínez,Goalkeeper,28,16,9,6,0,0,397,24.81,2,0,1,
Neil Taylor,Defender,31,145,48,62,0,5,5491,37.87,21,0,121,3
Ezri Konsa Ngoyo,Defender,22,26,8,12,2,2,810,31.15,3,0,17,1
Matt Targett,Defender,25,72,24,28,2,6,2240,31.11,8,0,41,2
Björn Engels,Defender,26,17,3,12,1,0,647,38.06,1,0,5,1
Frédéric Guilbert,Defender,25,25,7,13,0,2,749,29.96,7,0,36,2
Ahmed El Mohamady,Defender,33,183,48,91,6,13,6628,36.22,12,1,152,13
Kortney Hause,Defender,25,18,3,11,1,0,799,44.39,3,0,24,1
Tyrone Mings,Defender,27,51,13,27,2,3,1961,38.45,8,0,30,2
Matthew Cash,Defender,23,1,1,0,0,0,56,56,1,0,0,0
Douglas Luiz,Midfielder,22,37,10,20,3,2,1300,35.14,8,0,51,0
John McGinn,Midfielder,25,29,7,15,3,3,759,26.17,4,0,38,0
Henri Lansbury,Midfielder,29,13,4,8,0,0,115,8.85,1,0,5,1
Jack Grealish,Midfielder,25,71,17,42,9,7,2098,29.55,9,0,47,6
Marvelous Nakamba,Midfielder,26,29,7,16,0,0,782,26.97,5,0,26,0
Conor Hourihane,Midfielder,29,28,8,13,3,5,665,23.75,4,0,15,4
Trézéguet,Midfielder,25,35,9,19,6,1,388,11.09,2,1,39,6
Anwar El Ghazi,Midfielder,25,34,7,19,4,4,479,14.09,3,0,20,12
Jota,Midfielder,29,10,2,7,0,1,93,9.3,0,0,6,0
Jacob Ramsey,Midfielder,19,0,0,0,0,0,0,0,0,0,0,0
Wesley,Forward,23,21,6,12,5,1,367,17.48,3,0,43,14
Keinan Davis,Forward,22,19,4,9,0,0,149,7.84,0,0,12,3
Ollie Watkins,Forward,24,1,1,0,0,0,19,19,0,0,2,1
Bertrand Traoré,Forward,25,10,2,4,2,1,136,13.6,0,0,3,5
Mat Ryan,Goalkeeper,28,112,27,50,0,0,3272,29.21,2,0,2,
Jason Steele,Goalkeeper,30,0,0,0,0,0,0,0,0,0,0,
Christian Walton,Goalkeeper,24,0,0,0,0,0,0,0,0,0,0,
Robert Sánchez,Goalkeeper,22,0,0,0,0,0,0,0,0,0,0,
Ben White,Defender,22,2,1,1,0,0,101,50.5,0,0,2,0
Tariq Lamptey,Defender,19,11,4,4,0,2,243,22.09,3,0,16,0
Lewis Dunk,Defender,28,112,28,49,6,5,5364,47.89,21,1,80,1
Adam Webster,Defender,25,33,8,13,3,1,2001,60.64,4,0,14,0
Bernardo,Defender,25,36,9,16,0,1,1115,30.97,5,0,20,6
Dan Burn,Defender,28,44,11,19,0,0,1792,40.73,5,0,38,3
Joaol Veltman,Defender,28,0,0,0,0,0,0,0,0,0,0,0
Romaric Yapi,Defender,20,0,0,0,0,0,0,0,0,0,0,0
Alex Cochrane,Defender,20,0,0,0,0,0,0,0,0,0,0,0
Haydon Roberts,Defender,18,0,0,0,0,0,0,0,0,0,0,0
Dale Stephens,Midfielder,31,99,24,45,1,5,4785,48.33,20,1,136,0
Yves Bissouma,Midfielder,24,52,13,26,1,0,1441,27.71,9,1,74,2
Alexis Mac Allister,Midfielder,21,9,3,2,0,0,98,10.89,0,0,4,1
Pascal Groß,Midfielder,29,93,20,42,12,15,2937,31.58,7,0,67,22
Adam Lallana,Midfielder,32,198,98,50,30,28,6407,32.36,17,0,142,57
Solly March,Midfielder,26,92,21,42,2,7,1971,21.42,6,0,70,15
Davy Pröpper,Midfielder,29,100,24,44,2,7,4384,43.84,8,1,105,3
Steven Alzate,Midfielder,22,21,6,9,0,0,681,32.43,1,0,21,3
Max Sanders,Midfielder,21,0,0,0,0,0,0,0,0,0,0,0
Jayson Molumby,Midfielder,21,0,0,0,0,0,0,0,0,0,0,0
Lars Dendoncker,Midfielder,19,0,0,0,0,0,0,0,0,0,0,0
Peter Gwargis,Midfielder,20,0,0,0,0,0,0,0,0,0,0,0
Leandro Trossard,Forward,25,33,7,14,6,4,772,23.39,0,0,17,4
Neal Maupay,Forward,24,39,10,16,12,4,710,18.21,3,0,38,15
Alireza Jahanbakhsh,Forward,27,31,8,16,2,0,401,12.94,2,0,21,7
José Izquierdo,Forward,28,47,13,19,5,4,728,15.49,3,0,26,18
Aaron Connolly,Forward,20,26,8,12,4,1,161,6.19,0,0,17,16
Florin Andone,Forward,27,26,5,14,4,0,177,6.81,5,1,30,4
Viktor Gyökeres,Forward,22,0,0,0,0,0,0,0,0,0,0,0
Nick Pope,Goalkeeper,28,74,28,26,0,0,2124,28.7,4,0,1,
Bailey Peacock-Farrell,Goalkeeper,23,0,0,0,0,0,0,0,0,0,0,
Will Norris,Goalkeeper,27,1,1,0,0,0,0,1,0,0,0,
Matthew Lowton,Defender,31,172,49,83,2,12,5463,31.76,35,0,144,1
Charlie Taylor,Defender,27,74,23,33,0,2,2249,30.39,8,0,39,3
James Tarkowski,Defender,27,123,48,50,5,3,3839,31.21,24,0,119,12
Ben Mee,Defender,31,166,49,77,4,4,6088,36.67,36,0,118,6
Erik Pieters,Defender,32,194,61,79,1,11,6880,35.46,34,0,300,5
Phil Bardsley,Defender,35,300,100,130,7,5,9247,30.82,78,2,327,5
Kevin Long,Defender,30,35,8,14,1,3,1038,29.66,1,0,28,1
Jimmy Dunne,Defender,22,1,0,1,1,0,25,25,0,0,1,0
Bobby Thomas,Defender,19,0,0,0,0,0,0,0,0,0,0,0
Anthony Driscoll-Glennon,Defender,20,0,0,0,0,0,0,0,0,0,0,0
Jack Cork,Midfielder,31,264,96,105,8,9,11059,41.89,32,0,211,13
Jóhann Gudmundsson,Midfielder,29,96,28,44,7,17,1750,18.23,5,0,41,6
Josh Brownhill,Midfielder,24,11,5,3,0,0,368,33.45,2,0,8,0
Dwight McNeil,Midfielder,20,61,23,25,5,12,1509,24.74,7,0,45,1
Robbie Brady,Midfielder,28,142,37,77,9,12,3280,23.1,15,1,117,13
Ashley Westwood,Midfielder,30,222,65,106,9,25,9880,44.5,38,0,195,2
Josh Benson,Midfielder,20,0,0,0,0,0,0,0,0,0,0,0
Chris Wood,Forward,28,105,35,43,36,4,1535,14.62,4,0,84,117
Ashley Barnes,Forward,30,155,45,71,38,6,2475,15.97,32,2,269,92
Jay Rodriguez,Forward,31,178,53,71,41,12,2835,15.93,11,0,156,99
Matej Vydra,Forward,28,57,11,30,6,5,359,6.3,1,0,9,10
Kepa Arrizabalaga,Goalkeeper,25,71,39,20,0,0,2006,28.25,2,0,0,
Willy Caballero,Goalkeeper,38,33,19,5,0,0,798,24.18,0,0,0,
Antonio Rüdiger,Defender,27,80,45,21,5,1,5738,71.72,14,0,73,3
Marcos Alonso,Defender,29,140,87,32,20,12,6434,45.96,25,1,125,16
Andreas Christensen,Defender,24,59,29,18,0,0,3213,54.46,6,1,35,1
Kurt Zouma,Defender,25,143,60,49,5,4,5767,40.33,10,1,87,6
Reece James,Defender,20,26,15,8,1,3,1104,42.46,1,0,24,1
César Azpilicueta,Defender,31,272,158,56,8,31,15647,57.53,23,1,240,10
Fikayo Tomori,Defender,22,17,9,5,1,0,1193,70.18,3,0,8,1
Emerson,Defender,26,30,11,14,0,1,1285,42.83,3,0,15,2
Ben Chilwell,Defender,23,99,40,36,4,9,4540,45.86,10,1,81,8
Thiago Silva,Defender,36,0,0,0,0,0,0,0,0,0,0,0
Juan Castillo,Defender,20,0,0,0,0,0,0,0,0,0,0,0
Hakim Ziyech,Midfielder,27,0,0,0,0,0,0,0,0,0,0,0
Jorginho,Midfielder,28,70,37,18,7,3,5482,78.31,18,0,63,0
N'Golo Kanté,Midfielder,29,166,98,35,10,10,8952,53.93,22,0,218,7
Ross Barkley,Midfielder,26,202,91,59,25,27,7686,38.05,18,0,155,19
Ruben Loftus-Cheek,Midfielder,24,78,35,22,9,6,1854,23.77,1,0,39,6
Mateo Kovacic,Midfielder,26,64,34,16,1,5,3398,53.09,11,0,40,0
Mason Mount,Midfielder,21,39,20,13,7,5,1312,33.64,3,0,40,4
Christian Pulisic,Midfielder,22,25,13,9,9,4,668,26.72,0,0,14,3
Billy Gilmour,Midfielder,19,6,5,0,0,0,172,28.67,0,0,3,0
Kai Havertz,Midfielder,21,2,1,1,0,0,41,20.5,0,0,2,1
Timo Werner,Forward,24,2,1,1,0,0,49,24.5,0,0,3,2
Tammy Abraham,Forward,22,68,25,29,20,4,721,10.6,2,0,35,35
Olivier Giroud,Forward,33,238,133,56,86,28,4718,19.82,18,2,223,120
Callum Hudson-Odoi,Forward,19,35,18,12,1,6,641,18.31,1,0,12,6
Wayne Hennessey,Goalkeeper,33,181,47,94,0,1,4858,26.84,4,0,1,
Vicente Guaita,Goalkeeper,33,57,23,21,0,0,1428,25.05,3,0,1,
Stephen Henderson,Goalkeeper,32,0,0,0,0,0,0,0,0,0,0,
Nathan Ferguson,Defender,19,0,0,0,0,0,0,0,0,0,0,0
Joel Ward,Defender,30,201,66,95,4,5,6449,32.08,28,0,202,4
Patrick van Aanholt,Defender,30,191,57,92,20,14,6833,35.77,19,0,94,27
James Tomkins,Defender,31,263,84,116,12,7,8210,31.22,46,2,167,7
Scott Dann,Defender,33,227,74,95,15,11,6399,28.19,34,0,145,10
Mamadou Sakho,Defender,30,125,52,43,3,2,5917,47.34,6,1,39,1
Gary Cahill,Defender,34,374,166,126,27,10,12718,34.01,38,3,266,3
Martin Kelly,Defender,30,153,55,62,0,5,3820,24.97,14,0,117,1
Tyrick Mitchell,Defender,21,6,2,3,0,0,132,22,1,0,2,0
Jaroslaw Jach,Defender,26,0,0,0,0,0,0,0,0,0,0,0
Sam Woods,Defender,22,0,0,0,0,0,0,0,0,0,0,0
Ryan Inniss,Defender,25,0,0,0,0,0,0,0,0,0,0,0
Luka Milivojevic,Midfielder,29,121,41,53,27,4,5573,46.06,34,0,207,2
Max Meyer,Midfielder,25,46,11,24,1,2,864,18.78,4,0,16,3
Cheikhou Kouyaté,Midfielder,30,197,64,76,13,10,5799,29.44,25,1,242,16
Andros Townsend,Midfielder,29,211,78,91,22,22,4717,22.36,14,0,78,22
Jeffrey Schlupp,Midfielder,27,148,56,61,11,8,3156,21.32,15,0,109,3
James McArthur,Midfielder,32,282,93,126,23,18,10076,35.73,45,0,370,13
James McCarthy,Midfielder,29,258,87,102,13,12,10840,42.02,48,1,309,2
Jairo Riedewald,Midfielder,24,29,8,13,0,0,484,16.69,0,0,6,0
Eberechi Eze,Midfielder,22,2,2,0,0,0,14,7,0,0,0,0
Nya Kirby,Midfielder,20,0,0,0,0,0,0,0,0,0,0,0
Jordan Ayew,Forward,29,139,37,71,25,9,2968,21.35,18,2,222,44
Wilfried Zaha,Forward,27,217,70,94,39,24,4555,20.99,33,1,287,79
Christian Benteke,Forward,29,225,73,107,72,20,5666,25.18,35,3,357,203
Connor Wickham,Forward,27,120,29,59,19,7,2003,16.69,11,0,147,26
Brandon Pierrick,Forward,18,2,0,1,0,0,7,3.5,0,0,0,0
Michy Batshuayi,Forward,26,60,37,15,13,3,421,7.02,0,0,24,29
Jordan Pickford,Goalkeeper,26,147,48,65,0,0,4553,30.97,3,0,3,
João Virgínia,Goalkeeper,20,0,0,0,0,0,0,0,0,0,0,
Jonas Lössl,Goalkeeper,31,69,12,41,0,2,2290,33.19,2,0,0,
Mason Holgate,Defender,23,65,28,16,0,4,2429,37.37,11,0,43,3
Michael Keane,Defender,27,153,53,64,6,5,6162,40.27,13,0,82,5
Lucas Digne,Defender,27,72,28,27,4,12,2961,41.12,11,1,83,5
Yerry Mina,Defender,26,44,17,16,3,1,2052,46.64,6,0,33,3
Séamus Coleman,Defender,31,276,114,79,20,21,8930,32.36,29,2,194,29
Jarrad Branthwaite,Defender,18,4,1,2,0,0,223,55.75,0,0,4,0
Jonjoe Kenny,Defender,23,31,11,15,0,2,1045,33.71,3,0,28,0
Niels Nkounkou,Defender,19,0,0,0,0,0,0,0,0,0,0,0
Fabian Delph,Midfielder,30,185,76,73,7,8,8857,47.88,29,3,140,1
Gylfi Sigurdsson,Midfielder,31,284,114,110,61,45,7752,27.3,20,0,193,16
André Gomes,Midfielder,27,48,18,19,1,2,2169,45.19,13,0,89,0
Jean-Philippe Gbamin,Midfielder,24,2,1,0,0,0,70,35,0,0,2,0
Tom Davies,Midfielder,22,106,46,34,5,4,2909,27.44,22,0,116,9
Beni Baningime,Midfielder,22,8,2,2,0,0,82,10.25,1,0,4,0
Allan,Midfielder,29,2,2,0,0,0,140,70,0,0,4,0
James Rodríguez,Midfielder,29,2,2,0,1,1,109,54.5,0,0,1,0
Abdoulaye Doucouré,Midfielder,27,131,40,65,17,11,6811,51.99,31,0,145,10
Muhamed Besic,Midfielder,28,46,14,17,0,0,1339,29.11,11,0,42,0
Sandro Ramírez,Forward,25,8,2,4,0,0,82,10.25,0,0,1,1
Yannick Bolasie,Forward,31,119,38,51,11,17,2124,17.85,9,1,140,46
Richarlison,Forward,23,111,41,47,31,10,2452,22.09,17,1,114,56
Dominic Calvert-Lewin,Forward,23,116,43,46,28,9,1588,13.69,17,0,138,36
Theo Walcott,Forward,31,346,176,93,75,51,5491,15.87,10,0,101,163
Cenk Tosun,Forward,29,49,14,19,10,3,619,12.63,3,0,50,19
Alex Iwobi,Forward,24,126,59,41,12,16,3921,31.12,2,0,42,6
Bernard,Forward,28,61,23,23,4,5,1346,22.07,7,0,36,2
Moise Kean,Forward,20,31,9,13,2,2,131,4.23,1,0,28,4
Anthony Gordon,Forward,19,11,3,4,0,1,113,10.27,0,0,10,1
Marek Rodák,Goalkeeper,23,1,0,1,0,0,25,25,0,0,0,
Fabri,Goalkeeper,32,2,0,2,0,0,47,23.5,0,0,0,
Alphonse Areola,Goalkeeper,27,1,0,1,0,0,29,29,0,0,0,
Michael Hector,Defender,28,2,0,2,0,0,127,63.5,1,0,3,0
Denis Odoi,Defender,32,33,7,21,0,1,1434,43.45,4,0,39,1
Tim Ream,Defender,32,40,9,24,0,1,1517,37.92,2,0,16,0
Maxime Le Marchand,Defender,30,26,7,17,0,1,1386,53.31,5,0,28,3
Joe Bryan,Defender,27,30,6,21,0,1,1036,34.53,5,0,27,2
Antonee Robinson,Defender,23,0,0,0,0,0,0,0,0,0,0,0
Kenny Tete,Defender,24,1,0,1,0,1,27,27,1,0,3,0
Ola Aina,Defender,23,3,3,0,0,0,16,5.33,0,0,0,0
Jean Michael Seri,Midfielder,29,32,6,21,1,2,1592,49.75,6,0,32,1
Kevin McDonald,Midfielder,31,41,3,29,1,1,1285,31.34,9,1,33,2
Neeskens Kebano,Midfielder,28,9,0,9,0,0,57,6.33,0,0,3,1
Stefan Johansen,Midfielder,29,12,1,9,0,0,250,20.83,4,0,6,0
Tom Cairney,Midfielder,29,43,7,28,2,1,1882,43.77,2,0,22,0
Josh Onomah,Midfielder,23,15,8,4,0,0,109,7.27,0,0,4,1
André-Frank Zambo Anguissa,Midfielder,24,24,4,18,0,1,1113,46.38,1,1,26,2
Mario Lemina,Midfielder,27,47,8,22,2,2,1787,38.02,7,0,60,3
Harrison Reed,Midfielder,25,19,9,5,0,0,419,22.05,0,0,8,0
Tyrese Francois,Midfielder,20,0,0,0,0,0,0,0,0,0,0,0
Aleksandar Mitrovic,Forward,26,79,17,46,23,7,1841,23.3,12,2,117,51
Bobby De Cordova-Reid,Forward,27,29,7,19,6,2,324,11.17,0,0,6,11
Ivan Cavaleiro,Forward,26,25,10,11,3,1,357,14.28,1,0,15,6
Aboubakar Kamara,Forward,25,15,2,10,3,0,262,17.47,2,0,26,7
Kiko Casilla,Goalkeeper,33,0,0,0,0,0,0,0,0,0,0,
Elia Caprile,Goalkeeper,19,0,0,0,0,0,0,0,0,0,0,
Luke Ayling,Defender,29,2,1,1,0,0,108,54,0,0,1,0
Barry Douglas,Defender,31,0,0,0,0,0,0,0,0,0,0,0
Liam Cooper,Defender,29,3,1,2,0,0,70,23.33,0,0,1,0
Pascal Struijk,Defender,21,1,0,1,0,0,59,59,0,0,0,0
Leif Davis,Defender,20,0,0,0,0,0,0,0,0,0,0,0
Robin Koch,Defender,24,2,1,1,0,0,107,53.5,0,0,3,0
Oliver Casey,Defender,19,0,0,0,0,0,0,0,0,0,0,0
Charlie Cresswell,Defender,17,0,0,0,0,0,0,0,0,0,0,0
Robbie Gotts,Defender,20,0,0,0,0,0,0,0,0,0,0,0
Adam Forshaw,Midfielder,28,35,6,16,0,1,1355,38.71,4,0,33,1
Ezgjan Alioski,Midfielder,,1,1,0,0,0,11,11,0,0,1,0
Stuart Dallas,Midfielder,29,2,1,1,0,0,101,50.5,0,0,0,0
Pablo Hernández,Midfielder,35,58,15,26,5,13,2341,40.36,5,0,29,10
Kalvin Phillips,Midfielder,24,2,1,1,0,1,92,46,0,0,0,0
Mateusz Klich,Midfielder,30,2,1,1,2,1,92,46,1,0,5,1
Jamie Shackleton,Midfielder,20,1,0,1,0,0,3,3,0,0,0,0
Jack Harrison,Midfielder,23,2,1,1,1,0,47,23.5,0,0,1,3
Alfie McCalmont,Midfielder,20,0,0,0,0,0,0,0,0,0,0,0
Mateusz Bogusz,Midfielder,19,0,0,0,0,0,0,0,0,0,0,0
Ian Poveda-Ocampo,Forward,20,0,0,0,0,0,0,0,0,0,0,0
Patrick Bamford,Forward,27,29,4,20,3,1,193,6.66,1,0,23,7
Tyler Roberts,Forward,21,3,1,1,0,0,33,11,1,0,3,0
Joe Gelhardt,Forward,18,0,0,0,0,0,0,0,0,0,0,0
Rodrigo Moreno,Forward,29,19,4,12,1,1,190,10,0,0,9,2
Kasper Schmeichel,Goalkeeper,33,211,91,69,0,0,6198,29.37,11,0,0,
Danny Ward,Goalkeeper,27,2,1,1,0,0,49,24.5,0,0,0,
Eldin Jakupovic,Goalkeeper,35,28,9,13,0,0,769,27.46,0,0,0,
James Justin,Defender,22,15,8,4,1,1,792,52.8,2,0,11,1
Çaglar Söyüncü,Defender,24,42,20,11,1,1,2696,64.19,5,1,39,1
Wes Morgan,Defender,36,168,70,60,8,2,4435,26.4,12,3,129,5
Jonny Evans,Defender,32,297,145,86,11,9,13240,44.58,44,3,239,3
Filip Benkovic,Defender,23,0,0,0,0,0,0,0,0,0,0,0
Daniel Amartey,Defender,25,46,17,19,1,1,1469,31.93,5,1,41,1
Ricardo Pereira,Defender,26,63,29,24,5,8,3104,49.27,8,0,86,2
Christian Fuchs,Defender,34,107,48,32,2,9,4051,37.86,15,0,79,2
Luke Thomas,Defender,19,3,1,2,0,1,153,51,0,0,1,0
Timothy Castagne,Defender,24,2,2,0,1,1,128,64,0,0,1,0
Demarai Gray,Midfielder,24,132,53,50,10,9,1920,14.55,7,0,36,12
Youri Tielemans,Midfielder,23,52,25,17,6,10,2594,49.88,4,0,43,1
James Maddison,Midfielder,23,69,31,25,13,10,2913,42.22,7,1,62,6
Marc Albrighton,Midfielder,30,258,91,94,17,37,5597,21.69,32,1,167,17
Harvey Barnes,Midfielder,22,57,26,21,8,11,1083,19,0,0,30,6
Hamza Choudhury,Midfielder,22,37,16,13,1,2,900,24.32,3,1,24,0
Matty James,Midfielder,29,42,12,21,0,1,1260,30,4,1,34,0
Adrien Silva,Midfielder,31,14,4,7,0,1,512,36.57,3,0,9,0
Wilfred Ndidi,Midfielder,23,122,52,44,6,5,6181,50.66,20,2,189,5
Dennis Praet,Midfielder,26,29,13,11,2,3,604,20.83,2,0,20,1
Rachid Ghezzal,Midfielder,28,19,5,12,1,0,422,22.21,3,0,13,0
Nampalys Mendy,Midfielder,28,44,20,16,0,0,1559,35.43,7,0,34,0
Cengiz Ünder,Midfielder,23,0,0,0,0,0,0,0,0,0,0,0
Jamie Vardy,Forward,33,213,86,77,105,29,2961,13.9,20,3,179,195
Islam Slimani,Forward,32,39,14,18,8,5,580,14.87,2,0,30,15
Kelechi Iheanacho,Forward,23,117,42,45,21,13,1327,11.34,6,0,80,30
Ayoze Pérez,Forward,27,178,58,79,41,13,3435,19.3,9,0,182,46
Fousseni Diabaté,Forward,24,15,3,7,0,1,241,16.07,1,0,1,2
Loris Karius,Goalkeeper,27,29,17,4,0,0,789,27.21,1,0,2,
Alisson,Goalkeeper,27,69,55,4,0,1,1924,27.88,1,1,1,
Adrián,Goalkeeper,33,136,56,44,0,0,3401,25.01,10,2,5,
Caoimhin Kelleher,Goalkeeper,21,0,0,0,0,0,0,0,0,0,0,
Kamil Grabara,Goalkeeper,21,0,0,0,0,0,0,0,0,0,0,
Virgil van Dijk,Defender,29,159,98,30,14,3,10554,66.38,8,1,88,4
Joseph Gomez,Defender,23,73,52,6,0,3,4387,60.1,15,0,58,1
Andrew Robertson,Defender,26,153,86,36,4,33,8312,54.33,20,0,80,11
Joel Matip,Defender,29,86,58,7,4,0,5249,61.03,9,0,52,1
Trent Alexander-Arnold,Defender,21,95,74,8,6,26,5323,56.03,11,0,50,10
Neco Williams,Defender,19,6,4,1,0,0,167,27.83,1,0,5,0
Konstantinos Tsimikas,Defender,24,0,0,0,0,0,0,0,0,0,0,0
Nathaniel Phillips,Defender,23,0,0,0,0,0,0,0,0,0,0,0
Sepp van den Berg,Defender,18,0,0,0,0,0,0,0,0,0,0,0
Fabinho,Midfielder,26,58,46,4,3,5,3291,56.74,12,0,63,0
Georginio Wijnaldum,Midfielder,29,181,111,32,25,16,7603,42.01,7,0,84,15
James Milner,Midfielder,34,539,272,133,55,84,16171,30,65,3,438,45
Naby Keita,Midfielder,25,45,36,2,4,4,1760,39.11,1,0,35,1
Jordan Henderson,Midfielder,30,342,185,79,30,46,17932,52.43,34,2,299,29
Alex Oxlade-Chamberlain,Midfielder,27,196,114,41,16,22,4570,23.32,10,0,104,13
Marko Grujic,Midfielder,24,8,4,3,0,0,47,5.88,1,0,2,0
Curtis Jones,Midfielder,19,7,6,0,1,0,143,20.43,0,0,4,0
Harry Wilson,Midfielder,23,31,7,19,7,0,575,18.55,2,0,12,1
Harvey Elliott,Midfielder,17,4,2,2,0,0,22,5.5,0,0,0,0
Xherdan Shaqiri,Midfielder,28,115,49,37,22,18,3039,26.43,12,0,79,30
Thiago,Midfielder,29,1,1,0,0,0,82,82,0,0,3,0
Roberto Firmino,Forward,28,177,115,23,57,36,6222,35.15,8,0,206,60
Sadio Mané,Forward,28,196,121,35,86,29,6136,31.31,21,3,215,117
Mohamed Salah,Forward,28,123,90,12,78,29,3357,27.29,4,0,63,65
Takumi Minamino,Forward,25,11,7,3,0,0,107,9.73,0,0,7,0
Rhian Brewster,Forward,20,0,0,0,0,0,0,0,0,0,0,0
Divock Origi,Forward,25,91,57,14,19,6,861,9.46,1,0,47,26
Ben Woodburn,Forward,20,6,5,1,0,0,40,6.67,0,0,2,0
Diogo Jota,Forward,23,67,27,19,16,6,1585,23.66,15,0,84,9
Ederson,Goalkeeper,27,110,87,14,0,1,2781,25.28,6,1,4,
Scott Carson,Goalkeeper,35,145,44,66,0,2,2722,18.77,6,1,4,
Zack Steffen,Goalkeeper,25,0,0,0,0,0,0,0,0,0,0,
Nathan Aké,Defender,25,147,52,67,12,6,5634,38.33,15,1,97,7
Kyle Walker,Defender,30,293,183,50,7,29,15694,53.56,45,1,239,22
John Stones,Defender,26,163,90,39,1,0,8950,54.91,7,0,45,3
Oleksandr Zinchenko,Defender,23,41,34,6,0,3,3066,74.78,2,1,35,4
Aymeric Laporte,Defender,26,59,50,6,4,3,4957,84.02,5,0,40,2
Benjamin Mendy,Defender,26,37,29,3,0,8,1999,54.03,7,0,32,1
João Cancelo,Defender,26,17,12,4,0,0,1010,59.41,4,0,17,0
Nicolás Otamendi,Defender,32,136,94,22,8,1,9366,68.87,31,0,118,1
Eric García,Defender,19,13,11,2,0,0,728,56,1,0,9,0
Patrick Roberts,Midfielder,23,6,0,6,0,0,30,5,1,0,2,0
Ilkay Gündogan,Midfielder,29,102,75,17,15,6,5854,57.39,13,0,45,2
Rodrigo,Midfielder,24,36,25,8,3,2,2673,74.25,9,0,45,0
Kevin De Bruyne,Midfielder,29,156,109,22,37,67,8407,53.89,14,0,122,16
Bernardo Silva,Midfielder,26,105,81,15,19,18,4015,38.24,8,0,63,4
Fernandinho,Midfielder,35,225,156,36,18,16,14806,65.8,46,4,324,4
Phil Foden,Midfielder,20,42,38,3,7,3,819,19.5,0,0,17,1
Tommy Doyle,Midfielder,18,1,1,0,0,0,20,20,0,0,0,0
Adrián Bernabé,Midfielder,19,0,0,0,0,0,0,0,0,0,0,0
Ferran Torres,Forward,20,1,1,0,0,0,1,1,0,0,0,0
Raheem Sterling,Forward,25,260,161,55,86,45,8317,31.99,28,1,297,95
Gabriel Jesus,Forward,23,103,80,12,42,17,1830,17.77,13,0,79,59
Sergio Agüero,Forward,32,263,177,44,180,46,6134,23.32,23,1,167,194
Riyad Mahrez,Forward,29,199,98,58,57,40,6019,30.25,7,0,117,45
Liam Delap,Forward,17,0,0,0,0,0,0,0,0,0,0,0
David de Gea,Goalkeeper,29,314,174,66,0,0,7009,22.32,6,0,1,
Lee Grant,Goalkeeper,37,31,10,12,0,0,959,30.94,1,0,0,
Sergio Romero,Goalkeeper,33,7,4,1,0,0,181,25.86,0,0,0,
Dean Henderson,Goalkeeper,23,36,14,11,0,0,934,25.94,2,0,0,
Victor Lindelöf,Defender,26,83,41,19,2,1,4419,53.24,8,0,53,0
Eric Bailly,Defender,26,54,35,7,1,0,1682,31.15,6,1,45,0
Phil Jones,Defender,28,200,104,44,2,6,7835,39.18,27,0,155,3
Harry Maguire,Defender,27,140,50,58,8,7,7325,52.32,26,1,117,17
Chris Smalling,Defender,30,219,122,56,12,2,8092,36.95,18,1,192,14
Marcos Rojo,Defender,30,76,45,10,1,1,3503,46.09,23,0,81,2
Diogo Dalot,Defender,21,20,9,7,0,2,474,23.7,3,0,13,2
Luke Shaw,Defender,25,157,68,39,1,7,6663,42.44,29,1,138,7
Timothy Fosu-Mensah,Defender,22,49,17,23,0,1,1316,26.86,8,0,36,2
Aaron Wan-Bissaka,Defender,22,77,32,26,0,7,3019,39.21,13,1,46,3
Axel Tuanzebe,Defender,22,10,4,3,0,0,279,27.9,0,0,9,0
Brandon Williams,Defender,20,17,8,3,1,0,551,32.41,6,0,13,1
Teden Mengi,Defender,18,0,0,0,0,0,0,0,0,0,0,0
Paul Pogba,Midfielder,27,112,63,18,25,26,7139,63.74,19,1,190,13
Juan Mata,Midfielder,32,262,136,61,51,52,11379,43.43,19,1,134,102
Jesse Lingard,Midfielder,27,133,68,31,18,10,3536,26.59,15,0,140,20
Andreas Pereira,Midfielder,24,45,21,13,2,4,1111,24.69,10,0,42,4
Fred,Midfielder,27,46,22,14,1,1,2437,52.98,10,0,67,2
Bruno Fernandes,Midfielder,26,15,9,1,8,7,871,58.07,2,0,10,2
Daniel James,Midfielder,22,34,15,9,3,6,722,21.24,4,0,14,2
Nemanja Matic,Midfielder,32,208,127,36,6,19,12463,59.92,36,3,234,14
Scott McTominay,Midfielder,23,59,33,13,6,1,1926,32.64,6,0,59,1
Donny van de Beek,Midfielder,23,1,0,1,1,0,22,22,0,0,0,0
Anthony Martial,Forward,24,146,73,37,51,23,3712,25.42,8,0,125,49
Marcus Rashford,Forward,22,143,76,28,44,21,2979,20.83,12,1,90,52
Odion Ighalo,Forward,31,67,23,27,16,4,1045,15.6,5,0,65,37
Mason Greenwood,Forward,18,35,14,10,10,1,577,16.49,0,0,12,5
Mark Gillespie,Goalkeeper,28,0,0,0,0,0,0,0,0,0,0,
Martin Dubravka,Goalkeeper,31,88,29,38,0,0,2318,26.34,1,0,0,
Karl Darlow,Goalkeeper,29,21,5,8,0,0,554,26.38,0,0,0,
Daniel Langley,Goalkeeper,19,0,0,0,0,0,0,0,0,0,0,
Ciaran Clark,Defender,30,179,45,85,14,5,5675,31.7,47,2,171,2
Paul Dummett,Defender,28,128,42,56,2,0,3814,29.8,12,1,58,1
Fabian Schär,Defender,28,46,17,21,6,1,1755,38.15,17,0,57,3
Jamaal Lascelles,Defender,26,109,34,48,6,1,3699,33.94,16,1,69,3
Emil Krafth,Defender,26,17,5,8,0,1,329,19.35,0,0,4,0
Federico Fernández,Defender,31,170,55,72,4,7,7218,42.46,25,0,135,8
Javier Manquillo,Defender,26,92,25,45,1,5,2235,24.29,15,0,72,11
DeAndre Yedlin,Defender,27,103,29,48,2,5,2500,24.27,16,1,102,15
Jamal Lewis,Defender,22,30,4,24,1,0,1101,36.7,5,0,16,2
Jacob Murphy,Midfielder,25,34,6,22,1,2,325,9.56,0,0,12,1
Jonjo Shelvey,Midfielder,28,215,77,86,20,23,8878,41.29,33,4,178,12
Matt Ritchie,Midfielder,31,128,38,58,11,20,4121,32.2,24,0,159,8
Isaac Hayden,Midfielder,25,82,31,31,3,6,2149,26.21,15,2,92,2
Miguel Almirón,Midfielder,26,48,17,18,4,3,1098,22.88,5,0,37,28
Christian Atsu,Midfielder,28,80,25,32,3,6,1096,13.7,5,0,34,14
Sean Longstaff,Midfielder,22,33,12,15,2,1,925,28.03,4,1,24,0
Matthew Longstaff,Midfielder,20,9,2,4,2,0,255,28.33,1,0,6,0
Jeff Hendrick,Midfielder,28,124,41,55,10,6,3063,24.7,19,1,97,34
Ryan Fraser,Midfielder,26,121,34,59,16,26,3469,28.67,7,0,40,14
Henri Saivet,Midfielder,29,5,3,2,1,0,106,21.2,0,0,1,0
Daniel Barlaser,Midfielder,23,0,0,0,0,0,0,0,0,0,0,0
Andy Carroll,Forward,31,232,81,92,53,22,4726,20.37,33,2,321,77
Joelinton,Forward,24,40,12,17,2,2,836,20.9,7,0,32,22
Allan Saint-Maximin,Forward,23,28,11,9,3,4,458,16.36,0,0,19,3
Dwight Gayle,Forward,29,119,28,64,25,6,1201,10.09,8,1,77,34
Callum Wilson,Forward,28,128,39,60,42,12,1694,13.23,13,0,177,94
Wes Foderingham,Goalkeeper,29,0,0,0,0,0,0,0,0,0,0,
Michael Verrips,Goalkeeper,23,0,0,0,0,0,0,0,0,0,0,
Simon Moore,Goalkeeper,30,2,0,1,0,0,44,22,0,0,0,
Aaron Ramsdale,Goalkeeper,22,39,9,23,0,1,1000,25.64,0,0,0,
George Baldock,Defender,27,40,14,14,2,3,1178,29.45,7,0,52,11
Enda Stevens,Defender,30,47,16,17,2,4,1670,35.53,8,0,46,2
Jack O'Connell,Defender,26,35,13,11,0,1,1634,46.69,4,0,22,3
Chris Basham,Defender,32,61,20,24,1,3,1656,27.15,5,0,39,5
John Egan,Defender,27,38,14,13,2,0,1340,35.26,4,2,37,1
Jack Robinson,Defender,27,9,2,3,0,0,291,32.33,1,0,5,1
Kean Bryan,Defender,23,0,0,0,0,0,0,0,0,0,0,0
Phil Jagielka,Defender,38,366,147,111,18,9,14775,40.37,23,2,159,3
Max Lowe,Defender,23,0,0,0,0,0,0,0,0,0,0,0
Ethan Ampadu,Defender,20,2,1,1,0,0,28,14,0,0,0,0
Jayden Bogle,Defender,20,0,0,0,0,0,0,0,0,0,0,0
John Fleck,Midfielder,29,32,10,13,5,2,1047,32.72,8,0,27,1
John Lundstram,Midfielder,26,36,12,13,5,3,1247,34.64,6,0,30,7
Oliver Norwood,Midfielder,29,39,14,13,1,1,2062,52.87,8,0,32,1
Ben Osborn,Midfielder,26,14,8,3,0,0,244,17.43,0,0,9,1
Sander Berge,Midfielder,22,16,6,7,1,1,412,25.75,0,0,19,1
Jack Rodwell,Midfielder,29,167,50,64,10,4,3881,23.24,26,1,135,7
Regan Slater,Midfielder,21,0,0,0,0,0,0,0,0,0,0,0
Oliver Burke,Midfielder,23,16,0,13,0,2,149,9.31,0,0,5,0
Zak Brunt,Midfielder,18,0,0,0,0,0,0,0,0,0,0,0
Oliver McBurnie,Forward,24,54,17,25,6,1,785,14.54,5,0,35,5
Billy Sharp,Forward,34,28,7,13,3,2,233,8.32,1,1,20,14
David McGoldrick,Forward,32,30,10,10,2,2,636,21.2,2,0,33,12
Lys Mousset,Forward,24,88,31,38,9,4,585,6.65,3,0,48,21
Alex McCarthy,Goalkeeper,30,96,26,43,0,0,2325,24.22,3,0,1,
Angus Gunn,Goalkeeper,24,22,6,10,0,0,520,23.64,0,0,0,
Fraser Forster,Goalkeeper,32,107,44,38,0,0,2515,23.5,4,0,0,
Harry Lewis,Goalkeeper,22,0,0,0,0,0,0,0,0,0,0,
Jannik Vestergaard,Defender,28,43,14,20,1,0,1709,39.74,5,0,27,1
Jack Stephens,Defender,26,93,25,40,4,4,3850,41.4,16,2,55,3
Ryan Bertrand,Defender,31,231,83,95,7,15,8783,38.02,31,2,211,10
Jake Vokins,Defender,20,1,0,0,0,0,58,58,0,0,0,0
Jan Bednarek,Defender,24,66,22,29,2,2,2655,40.23,12,0,58,0
Yan Valery,Defender,21,34,11,15,2,1,621,18.26,4,1,34,5
Kyle Walker-Peters,Defender,23,24,13,6,0,6,925,38.54,3,0,14,3
Mohammed Salisu,Defender,21,0,0,0,0,0,0,0,0,0,0,0
Moussa Djenepo,Midfielder,22,20,7,11,2,2,266,13.3,4,1,26,3
Oriol Romeu,Midfielder,29,183,66,67,4,0,7889,43.11,49,0,253,5
James Ward-Prowse,Midfielder,25,233,80,89,22,22,6946,29.81,28,1,193,5
Stuart Armstrong,Midfielder,28,60,19,26,8,5,1230,20.5,6,0,47,7
Sofiane Boufal,Midfielder,27,70,12,35,3,4,1328,18.97,8,0,77,5
Nathan Redmond,Midfielder,26,208,53,99,25,18,5788,27.83,12,1,155,48
William Smallbone,Midfielder,20,11,5,3,0,2,248,22.55,0,0,4,0
Nathan Tella,Midfielder,21,2,1,1,0,0,4,2,0,0,0,0
Shane Long,Forward,33,322,110,143,55,23,4540,14.1,28,0,395,186
Danny Ings,Forward,28,113,32,47,45,9,1938,17.15,11,0,91,43
Che Adams,Forward,24,32,13,14,4,2,282,8.81,1,0,20,11
Michael Obafemi,Forward,20,28,10,12,4,3,156,5.57,2,0,13,4
Hugo Lloris,Goalkeeper,33,262,153,56,0,0,6702,25.58,3,0,3,
Paulo Gazzaniga,Goalkeeper,28,43,13,20,0,0,982,22.84,1,0,1,
Joe Hart,Goalkeeper,33,340,169,97,0,1,6733,19.8,7,0,6,
Alfie Whiteman,Goalkeeper,21,0,0,0,0,0,0,0,0,0,0,
Brandon Austin,Goalkeeper,21,0,0,0,0,0,0,0,0,0,0,
Toby Alderweireld,Defender,31,176,98,42,8,4,10036,57.02,20,0,68,3
Davinson Sánchez,Defender,24,84,46,21,1,1,4901,58.35,9,1,73,1
Juan Foyth,Defender,22,16,8,5,1,0,642,40.12,4,1,18,0
Serge Aurier,Defender,27,58,32,13,3,9,2326,40.1,4,2,79,9
Ben Davies,Defender,27,201,96,59,6,15,8593,42.75,26,0,162,4
Japhet Tanganga,Defender,21,6,1,3,0,0,201,33.5,1,0,8,0
Matt Doherty,Defender,28,77,32,22,8,8,2970,38.57,7,0,63,6
Dennis Cirkin,Defender,18,0,0,0,0,0,0,0,0,0,0,0
Cameron Carter-Vickers,Defender,22,0,0,0,0,0,0,0,0,0,0,0
Sergio Reguilón,Defender,23,0,0,0,0,0,0,0,0,0,0,0
Harry Winks,Midfielder,24,96,58,23,2,2,4198,43.73,14,0,59,2
Erik Lamela,Midfielder,28,155,81,36,16,23,4019,25.93,26,0,213,28
Eric Dier,Midfielder,26,176,102,36,10,8,9661,54.89,33,0,164,6
Moussa Sissoko,Midfielder,31,235,110,83,14,24,8466,36.03,36,2,276,24
Ryan Sessegnon,Midfielder,20,41,10,25,2,6,846,20.63,0,0,24,17
Dele Alli,Midfielder,24,157,90,34,50,33,5517,35.14,24,0,178,31
Tanguy Ndombele,Midfielder,23,23,6,10,2,2,672,29.22,4,0,15,0
Gedson Fernandes,Midfielder,21,7,3,1,0,0,39,5.57,0,0,0,0
Pierre-Emile Højbjerg,Midfielder,25,111,34,49,4,4,5860,52.79,21,2,149,2
Harvey White,Midfielder,19,0,0,0,0,0,0,0,0,0,0,0
Giovani Lo Celso,Midfielder,24,29,11,8,0,2,995,34.31,7,0,30,0
Lucas Moura,Forward,28,75,38,26,14,5,1653,22.04,6,0,62,20
Jack Clarke,Forward,19,0,0,0,0,0,0,0,0,0,0,0
Son Heung-Min,Forward,28,162,95,36,57,29,3731,23.03,4,2,65,99
Harry Kane,Forward,27,212,120,48,144,24,4408,20.79,26,0,208,160
Steven Bergwijn,Forward,22,16,8,4,3,1,265,16.56,2,0,9,0
Gareth Bale,Forward,31,146,62,41,42,20,4663,31.94,15,1,86,30
Sam Johnstone,Goalkeeper,27,2,0,2,0,0,51,25.5,0,0,0,
David Button,Goalkeeper,31,4,1,2,0,0,99,24.75,0,0,0,
Jonathan Bond,Goalkeeper,27,0,0,0,0,0,0,0,0,0,0,
Darnell Furlong,Defender,24,5,0,5,0,0,117,23.4,1,0,5,1
Kieran Gibbs,Defender,30,172,88,40,2,9,6012,34.95,17,2,112,13
Kyle Bartley,Defender,29,23,6,11,0,0,776,33.74,6,0,22,2
Semi Ajayi,Defender,26,2,0,2,0,0,54,27,1,0,2,0
Conor Townsend,Defender,27,0,0,0,0,0,0,0,0,0,0,0
Ahmed Hegazi,Defender,29,38,6,19,2,0,1186,31.21,4,0,24,2
Dara O'Shea,Defender,21,2,0,2,0,0,79,39.5,0,0,2,0
Cédric Kipré,Defender,23,0,0,0,0,0,0,0,0,0,0,0
Lee Peltier,Defender,33,20,7,12,0,0,342,17.1,4,0,15,0
Branislav Ivanovic,Defender,36,261,152,50,22,20,9871,37.82,55,2,293,18
Jake Livermore,Midfielder,30,180,52,87,7,9,6813,37.85,30,1,199,3
Matt Phillips,Midfielder,29,110,28,55,10,22,1831,16.65,6,0,57,20
Kamil Grosicki,Midfielder,32,15,4,7,0,4,251,16.73,1,0,12,6
Rekeem Harper,Midfielder,20,2,1,1,0,0,18,9,0,0,1,0
Romaine Sawyers,Midfielder,28,2,0,2,0,0,63,31.5,0,0,1,0
Sam Field,Midfielder,22,20,5,9,1,0,275,13.75,5,0,16,0
Kyle Edwards,Midfielder,22,2,0,2,0,0,11,5.5,0,0,0,0
Grady Diangana,Midfielder,22,19,7,10,1,1,298,15.68,0,0,4,2
Conor Gallagher,Midfielder,20,0,0,0,0,0,0,0,0,0,0,0
Hal Robson-Kanu,Forward,31,76,16,39,12,3,682,8.97,5,1,76,13
Kenneth Zohore,Forward,26,19,4,13,1,1,136,7.16,1,0,13,4
Matheus Pereira,Forward,24,2,0,2,1,1,56,28,0,0,3,0
Charlie Austin,Forward,31,106,25,55,34,8,1500,14.15,8,1,83,68
Callum Robinson,Forward,25,22,3,10,1,1,190,8.64,1,0,13,5
Jamie Soule,Forward,19,0,0,0,0,0,0,0,0,0,0,0
Lukasz Fabianski,Goalkeeper,35,246,91,104,0,2,6328,25.72,4,1,6,
David Martin,Goalkeeper,34,5,2,3,0,0,111,22.2,1,0,0,
Darren Randolph,Goalkeeper,33,31,10,14,0,0,839,27.06,1,0,0,
Nathan Trott,Goalkeeper,21,0,0,0,0,0,0,0,0,0,0,
Aaron Cresswell,Defender,30,190,61,75,8,18,6957,36.62,23,1,88,18
Fabián Balbuena,Defender,29,40,15,19,2,0,1335,33.38,4,0,25,0
Gonçalo Cardoso,Defender,19,0,0,0,0,0,0,0,0,0,0,0
Angelo Ogbonna,Defender,32,137,47,53,4,1,4633,33.82,16,0,88,1
Issa Diop,Defender,23,67,23,29,4,1,2212,33.01,12,0,49,4
Ryan Fredericks,Defender,27,44,13,22,1,4,1358,30.86,14,0,38,2
Arthur Masuaku,Defender,26,81,26,33,0,6,2578,31.83,12,1,72,2
Ben Johnson,Defender,20,4,1,1,0,0,135,33.75,0,0,8,0
Ajibola Alese,Defender,19,0,0,0,0,0,0,0,0,0,0,0
Harrison Ashby,Defender,18,0,0,0,0,0,0,0,0,0,0,0
Felipe Anderson,Midfielder,27,63,20,32,10,8,2567,40.75,4,0,44,7
Manuel Lanzini,Midfielder,27,122,39,49,20,13,5096,41.77,19,0,50,20
Robert Snodgrass,Midfielder,33,160,43,78,26,23,4715,29.47,30,0,199,27
Mark Noble,Midfielder,33,383,130,158,46,35,17862,46.64,81,5,380,27
Pablo Fornals,Midfielder,24,38,10,19,2,5,893,23.5,3,0,19,7
Jack Wilshere,Midfielder,28,182,87,52,8,18,7494,41.18,36,2,169,10
Declan Rice,Midfielder,21,101,33,44,3,3,3942,39.03,11,0,64,3
Josh Cullen,Midfielder,24,3,2,0,0,0,4,1.33,0,0,0,0
Conor Coventry,Midfielder,20,0,0,0,0,0,0,0,0,0,0,0
Michail Antonio,Forward,30,135,46,56,37,14,2689,19.92,14,1,153,60
Andriy Yarmolenko,Forward,30,34,10,16,7,1,626,18.41,5,0,25,9
Jarrod Bowen,Forward,23,22,4,15,1,4,328,14.91,0,0,8,1
Sébastien Haller,Forward,26,34,9,18,7,1,779,22.91,1,0,49,19
Xande Silva,Forward,23,1,0,1,0,0,4,4,0,0,0,0
Emmanuel Longelo,Forward,19,0,0,0,0,0,0,0,0,0,0,0
Rui Patrício,Goalkeeper,32,77,31,23,0,0,1530,19.87,0,0,0,
John Ruddy,Goalkeeper,33,119,33,54,0,0,2580,21.68,3,1,1,
Willy Boly,Defender,29,60,24,18,4,1,2779,46.32,3,2,55,4
Conor Coady,Defender,27,79,33,23,0,0,3617,45.78,10,0,28,0
Jonny,Defender,26,68,27,19,3,3,2162,31.79,10,0,57,7
Ruben Vinagre,Defender,21,34,14,10,0,0,556,16.35,2,0,19,1
Maximilian Kilman,Defender,23,4,2,1,0,0,101,25.25,0,0,2,0
Oskar Buur,Defender,22,1,1,0,0,0,14,14,0,0,0,0
Marçal,Defender,31,2,1,1,0,0,37,18.5,1,0,1,0
Ki-Jana Hoever,Defender,18,0,0,0,0,0,0,0,0,0,0,0
Rúben Neves,Midfielder,23,75,30,23,6,5,4024,53.65,17,0,66,0
Daniel Podence,Midfielder,24,11,5,2,1,2,143,13,0,0,6,3
Romain Saïss,Midfielder,30,54,24,16,5,1,2453,45.43,17,1,72,2
João Moutinho,Midfielder,34,78,32,23,2,14,3778,48.44,11,0,95,3
Leander Dendoncker,Midfielder,25,59,26,15,6,0,1966,33.32,6,0,43,1
Vitinha,Midfielder,20,1,1,0,0,0,5,5,0,0,0,0
Meritan Shabani,Midfielder,21,0,0,0,0,0,0,0,0,0,0,0
Pedro Neto,Forward,20,31,14,7,3,4,399,12.87,3,0,16,5
Raúl Jiménez,Forward,29,78,32,23,32,13,2108,27.03,7,0,81,52
Adama Traoré,Forward,24,105,27,47,5,12,1434,13.66,4,0,80,13
Fábio Silva,Forward,18,1,0,1,0,0,1,1,0,0,0,0
Leonardo Campana,Forward,20,0,0,0,0,0,0,0,0,0,0,0
